scenario,period,applications,approvals,eligible_approved,ineligible_approved,application_rate,access_rate,exclusion_error,admin_exclusion_error,demand_gap,inclusion_error,avg_trust,avg_info,avg_monitoring,avg_service_quality,avg_congestion,territorial_inequality,delegated_share
hierarchy,0,197,102,78,24,0.3283333333333333,0.32098765432098764,0.6790123456790124,0.0,0.6790123456790124,0.23529411764705882,0.528200431059525,0.4670896911956417,0.7366235764817097,0.5587881475058534,0.6314102564102564,0.06112771330871551,0.0
hierarchy,1,194,105,83,22,0.3233333333333333,0.34156378600823045,0.6584362139917695,0.0,0.6584362139917695,0.20952380952380953,0.531931150529114,0.47787542104432057,0.7365465448824188,0.5427643377531668,0.6217948717948718,0.0803974985947273,0.0
hierarchy,2,216,120,101,19,0.36,0.4156378600823045,0.5843621399176955,0.0,0.5843621399176955,0.15833333333333333,0.5380721527513243,0.49098250171776364,0.7263956568306766,0.5298539787286742,0.6923076923076924,0.04178956776253867,0.0
hierarchy,3,230,115,96,19,0.38333333333333336,0.3950617283950617,0.6049382716049383,0.0,0.6049382716049383,0.16521739130434782,0.5435953479550656,0.5034419559826218,0.7221524183877831,0.5195207668680054,0.7371794871794872,0.05747133624943452,0.0
hierarchy,4,229,125,107,18,0.38166666666666665,0.4403292181069959,0.5596707818930041,0.0,0.5596707818930041,0.144,0.5506685559298423,0.5172910328698941,0.7204759808739912,0.5113020249579381,0.7339743589743589,0.026941392801545644,0.0
hierarchy,5,198,117,99,18,0.33,0.4074074074074074,0.5925925925925926,0.0,0.5925925925925926,0.15384615384615385,0.5565559877579446,0.5299921875967939,0.7315171696219553,0.5052922975114901,0.6346153846153846,0.10235394224719767,0.0
hierarchy,6,230,124,106,18,0.38333333333333336,0.43621399176954734,0.5637860082304527,0.0,0.5637860082304527,0.14516129032258066,0.5634073471149547,0.5432583573347586,0.7196164191212863,0.49975451160962026,0.7371794871794871,0.06076229569413885,0.0
hierarchy,7,275,154,136,18,0.4583333333333333,0.5596707818930041,0.4403292181069959,0.0,0.4403292181069959,0.11688311688311688,0.5741317671003419,0.5597702798303488,0.6998019135260068,0.4939817106763374,0.8814102564102564,0.06600714519179096,0.0
hierarchy,8,257,145,127,18,0.42833333333333334,0.522633744855967,0.47736625514403297,0.0,0.4773662551440329,0.12413793103448276,0.5837269963677225,0.5748141654146931,0.7063193986182688,0.4900282971241084,0.8237179487179488,0.08744177766253279,0.0
hierarchy,9,260,144,126,18,0.43333333333333335,0.5185185185185185,0.4814814814814815,0.0,0.48148148148148145,0.125,0.5930879206281321,0.5893152352883214,0.7049779524225804,0.48672742431677224,0.8333333333333334,0.05058353292493271,0.0
hierarchy,10,266,153,135,18,0.44333333333333336,0.5555555555555556,0.4444444444444444,0.0,0.4444444444444444,0.11764705882352941,0.6038300977599654,0.6037992669677379,0.7016737283983003,0.48248118885665187,0.8525641025641025,0.14194370663016992,0.0
hierarchy,11,282,161,143,18,0.47,0.588477366255144,0.411522633744856,0.0,0.411522633744856,0.11180124223602485,0.6155242535336931,0.6174968724749619,0.693927463755613,0.48009494251857515,0.9038461538461539,0.08268623198104988,0.0
hierarchy,12,284,157,139,18,0.47333333333333333,0.5720164609053497,0.42798353909465026,0.0,0.4279835390946502,0.11464968152866242,0.6266541985399307,0.629847527709428,0.69349202645801,0.4775976051813415,0.9102564102564102,0.08321409705019839,0.0
hierarchy,13,293,164,147,17,0.48833333333333334,0.6049382716049383,0.3950617283950617,0.0,0.3950617283950617,0.10365853658536585,0.6389552242231095,0.6429720022649665,0.6891343326981735,0.4748942173519526,0.939102564102564,0.12376678986144965,0.0
hierarchy,14,288,161,143,18,0.48,0.588477366255144,0.411522633744856,0.0,0.411522633744856,0.11180124223602485,0.6507558165803238,0.6543951337373796,0.6898713897844752,0.4738981265966382,0.923076923076923,0.05398851899258082,0.0
hierarchy,15,306,168,150,18,0.51,0.6172839506172839,0.3827160493827161,0.0,0.38271604938271603,0.10714285714285714,0.663532805809489,0.6657044298730032,0.6823227050110887,0.4717521938864741,0.9807692307692307,0.038224901730779845,0.0
hierarchy,16,314,167,149,18,0.5233333333333333,0.6131687242798354,0.3868312757201646,0.0,0.3868312757201646,0.10778443113772455,0.6763506846360172,0.6760374401382304,0.6792448007808366,0.47004347022793075,1.0064102564102564,0.06567117872978204,0.0
hierarchy,17,328,172,154,18,0.5466666666666666,0.6337448559670782,0.3662551440329218,0.0,0.3662551440329218,0.10465116279069768,0.6897571226205644,0.6864258483560182,0.6732149415730672,0.4673555256180386,1.0512820512820513,0.07151923476665807,0.0
hierarchy,18,317,174,156,18,0.5283333333333333,0.6419753086419753,0.3580246913580247,0.0,0.35802469135802467,0.10344827586206896,0.7032877899332235,0.6959561976890876,0.6754127857962247,0.46583899625827324,1.0160256410256412,0.0667970888102515,0.0
hierarchy,19,330,188,171,17,0.55,0.7037037037037037,0.2962962962962963,0.0,0.2962962962962963,0.09042553191489362,0.7188750413994494,0.7045183330238923,0.6688223210005796,0.46338567599148645,1.0576923076923077,0.08972255054882189,0.0
hierarchy,20,336,183,165,18,0.56,0.6790123456790124,0.32098765432098764,0.0,0.32098765432098764,0.09836065573770492,0.7330491337462512,0.7130003975000678,0.6664284514539716,0.4602153924932102,1.0769230769230769,0.05206275663902778,0.0
hierarchy,21,311,179,161,18,0.5183333333333333,0.6625514403292181,0.3374485596707819,0.0,0.3374485596707819,0.1005586592178771,0.7464390546588469,0.720130153395942,0.6742560320911896,0.4610706385277022,0.9967948717948718,0.08990971522246904,0.0
hierarchy,22,336,192,174,18,0.56,0.7160493827160493,0.28395061728395066,0.0,0.2839506172839506,0.09375,0.7611751377635593,0.7274731281110676,0.6638165507003477,0.45899410478419506,1.0769230769230769,0.0876722323077317,0.0
hierarchy,23,347,190,175,15,0.5783333333333334,0.720164609053498,0.279835390946502,0.005681818181818182,0.2757201646090535,0.07894736842105263,0.7753282504431213,0.7336059432337515,0.6594734197550991,0.45620749034890035,1.1121794871794872,0.07848672329669619,0.0
hierarchy,24,352,190,172,18,0.5866666666666667,0.7078189300411523,0.29218106995884774,0.0,0.29218106995884774,0.09473684210526316,0.788215482196243,0.7393712382889448,0.656751911622004,0.4538419164456244,1.1282051282051284,0.046660703632873245,0.0
hierarchy,25,354,188,170,18,0.59,0.6995884773662552,0.3004115226337448,0.0,0.3004115226337449,0.09574468085106383,0.7997764734956129,0.7450337909761477,0.6557103711441622,0.45223260461995385,1.1346153846153848,0.07344959773363591,0.0
hierarchy,26,360,192,176,16,0.6,0.7242798353909465,0.27572016460905346,0.0,0.2757201646090535,0.08333333333333333,0.811311063241039,0.7509481439520485,0.6524375323913687,0.4502680055673163,1.153846153846154,0.06252570185984647,0.0
hierarchy,27,353,194,176,18,0.5883333333333334,0.7242798353909465,0.27572016460905346,0.0,0.2757201646090535,0.09278350515463918,0.8222851237519156,0.7564100911449474,0.6533836521448382,0.4495641343996368,1.1314102564102564,0.023183961654570692,0.0
hierarchy,28,386,207,189,18,0.6433333333333333,0.7777777777777778,0.2222222222222222,0.0,0.2222222222222222,0.08695652173913043,0.8338472064618179,0.7622071129251062,0.641734964719594,0.44523724954640914,1.2371794871794872,0.06711112722645807,0.0
hierarchy,29,374,201,185,16,0.6233333333333333,0.7613168724279835,0.23868312757201648,0.0,0.23868312757201646,0.07960199004975124,0.8444363061524612,0.7676923091086364,0.6446367746568825,0.44345885372291965,1.1987179487179487,0.03737070711054444,0.0
hierarchy,30,373,188,172,16,0.6216666666666667,0.7078189300411523,0.29218106995884774,0.0,0.29218106995884774,0.0851063829787234,0.8530208507521034,0.772068574557214,0.6465534247274399,0.44231023892932914,1.1955128205128205,0.09224176203002063,0.0
hierarchy,31,372,196,178,18,0.62,0.7325102880658436,0.2674897119341564,0.0,0.2674897119341564,0.09183673469387756,0.8617857690951461,0.7767648935794802,0.6445509580640675,0.44133486614725764,1.1923076923076923,0.031004699693836117,0.0
hierarchy,32,401,206,191,15,0.6683333333333333,0.7860082304526749,0.21399176954732513,0.0,0.2139917695473251,0.07281553398058252,0.8712332648327776,0.7818604295271046,0.6340448134832354,0.43734812769726356,1.2852564102564104,0.03863205970217056,0.0
hierarchy,33,393,202,187,15,0.655,0.7695473251028807,0.2304526748971193,0.0,0.23045267489711935,0.07425742574257425,0.8792201689103789,0.7862939516641244,0.6370424623034762,0.4354648278658444,1.2596153846153846,0.08501069192358512,0.0
hierarchy,34,395,204,188,16,0.6583333333333333,0.7736625514403292,0.22633744855967075,0.0,0.22633744855967078,0.0784313725490196,0.886633473975329,0.7908110924160067,0.6352821867777587,0.433793991491807,1.2660256410256412,0.051709986809824256,0.0
hierarchy,35,379,202,184,18,0.6316666666666667,0.757201646090535,0.24279835390946503,0.0,0.24279835390946503,0.0891089108910891,0.8932926428431514,0.7949177152243982,0.6403541029905763,0.43430216237567115,1.2147435897435896,0.07017466133434555,0.0
hierarchy,36,405,198,180,18,0.675,0.7407407407407407,0.2592592592592593,0.0,0.25925925925925924,0.09090909090909091,0.8994188178850276,0.7990609975173747,0.6315115514155055,0.4315732772536787,1.2980769230769231,0.03658402674268154,0.0
hierarchy,37,386,192,175,17,0.6433333333333333,0.720164609053498,0.279835390946502,0.0,0.27983539094650206,0.08854166666666667,0.90452007437455,0.8027996162168471,0.6391138443828565,0.43176175418828483,1.237179487179487,0.12192623869832497,0.0
hierarchy,38,422,211,198,13,0.7033333333333334,0.8148148148148148,0.18518518518518523,0.0,0.18518518518518517,0.061611374407582936,0.9118289160484722,0.8073057792727578,0.6246099667956829,0.4276545913650213,1.3525641025641024,0.04896488806082339,0.0
hierarchy,39,399,196,178,18,0.665,0.7325102880658436,0.2674897119341564,0.0,0.2674897119341564,0.09183673469387756,0.9164580349479892,0.810869192350537,0.6327047003285116,0.42743807921876487,1.2788461538461537,0.05130347254067403,0.0
delegated,0,173,138,78,60,0.28833333333333333,0.32098765432098764,0.6790123456790124,0.0,0.6790123456790124,0.43478260869565216,0.5282113896526539,0.467094270636769,0.5542374119216322,0.5234036707757822,0.5544871794871794,0.05212101008663645,1.0
delegated,1,226,161,101,60,0.37666666666666665,0.4156378600823045,0.5843621399176955,0.0,0.5843621399176955,0.37267080745341613,0.5344015541113385,0.4802286270402619,0.5334880351785439,0.48107211045717535,0.7243589743589745,0.08211546812328338,1.0
delegated,2,224,160,101,59,0.37333333333333335,0.4156378600823045,0.5843621399176955,0.0,0.5843621399176955,0.36875,0.5408007894896104,0.49340699043093994,0.5338079936110869,0.449337119824208,0.717948717948718,0.08504162718765762,1.0
delegated,3,228,163,106,57,0.38,0.43621399176954734,0.5637860082304527,0.0,0.5637860082304527,0.3496932515337423,0.5476473356425454,0.5071696107986209,0.5312358770828368,0.42492842908023953,0.7307692307692307,0.042288179545795376,1.0
delegated,4,241,172,116,56,0.40166666666666667,0.4773662551440329,0.522633744855967,0.0,0.522633744855967,0.32558139534883723,0.5558704239584933,0.5222296189126046,0.5249882675855396,0.40537526711531324,0.7724358974358975,0.041257636265252744,1.0
delegated,5,266,176,120,56,0.44333333333333336,0.49382716049382713,0.5061728395061729,0.0,0.5061728395061729,0.3181818181818182,0.5646953913494821,0.5377728445785962,0.5157857850774856,0.38922069272047066,0.8525641025641026,0.02775793342573372,1.0
delegated,6,253,175,122,53,0.4216666666666667,0.5020576131687243,0.4979423868312757,0.0,0.49794238683127573,0.3028571428571429,0.5738744427573325,0.5531653007608344,0.5191104808230026,0.3763745314574649,0.8108974358974358,0.0800839995362238,1.0
delegated,7,281,181,135,46,0.4683333333333333,0.5555555555555556,0.4444444444444444,0.014598540145985401,0.43621399176954734,0.2541436464088398,0.5844984869995814,0.5699796430137939,0.5072619080059194,0.3650359454470562,0.9006410256410255,0.10161803300558293,1.0
delegated,8,257,181,127,54,0.42833333333333334,0.522633744855967,0.47736625514403297,0.0,0.4773662551440329,0.2983425414364641,0.5942084131892564,0.5850908475831801,0.5158079455348645,0.3566778749307886,0.8237179487179488,0.0541940689636909,1.0
delegated,9,279,186,137,49,0.465,0.5637860082304527,0.43621399176954734,0.0,0.43621399176954734,0.26344086021505375,0.6052557396534253,0.6004191923949105,0.5064416264406301,0.34866150065426504,0.8942307692307692,0.07633224722269183,1.0
delegated,10,285,180,132,48,0.475,0.5432098765432098,0.45679012345679015,0.007518796992481203,0.45267489711934156,0.26666666666666666,0.6155131077049681,0.6135702069914545,0.5047555154382042,0.34089961395632323,0.9134615384615383,0.0646045638442032,1.0
delegated,11,287,192,146,46,0.47833333333333333,0.6008230452674898,0.39917695473251025,0.0,0.3991769547325103,0.23958333333333334,0.6278032487641809,0.6272860980244055,0.501268431092165,0.3357432236085826,0.9198717948717948,0.047526656794263024,1.0
delegated,12,281,192,145,47,0.4683333333333333,0.5967078189300411,0.4032921810699589,0.03333333333333333,0.38271604938271603,0.24479166666666666,0.6396771621069605,0.6404942086885993,0.5020843437036725,0.3312375439478903,0.9006410256410257,0.05548206405856387,1.0
delegated,13,301,198,149,49,0.5016666666666667,0.6131687242798354,0.3868312757201646,0.013245033112582781,0.3786008230452675,0.2474747474747475,0.652437429337306,0.6529520160003741,0.4943793401714065,0.32714941824730887,0.9647435897435898,0.02842620295048647,1.0
delegated,14,344,192,152,40,0.5733333333333334,0.6255144032921811,0.3744855967078189,0.03184713375796178,0.35390946502057613,0.20833333333333334,0.6651653889644334,0.6645045638875189,0.4793261270891192,0.3197416829543544,1.1025641025641024,0.0776963414339832,1.0
delegated,15,324,192,151,41,0.54,0.6213991769547325,0.37860082304526754,0.025806451612903226,0.36213991769547327,0.21354166666666666,0.6777703197136288,0.6752655480936385,0.48506542871012287,0.3164215441344758,1.0384615384615385,0.046275575521142,1.0
delegated,16,303,193,149,44,0.505,0.6131687242798354,0.3868312757201646,0.019736842105263157,0.37448559670781895,0.22797927461139897,0.6901918611203219,0.6851691248942294,0.4914932719406146,0.3156765647984833,0.9711538461538461,0.059838509552684674,1.0
delegated,17,327,198,163,35,0.545,0.6707818930041153,0.3292181069958847,0.05232558139534884,0.29218106995884774,0.17676767676767677,0.703924165534962,0.6952983759885253,0.4801578797791568,0.31168510348550665,1.0480769230769231,0.07285111592372352,1.0
delegated,18,340,200,167,33,0.5666666666666667,0.6872427983539094,0.31275720164609055,0.029069767441860465,0.29218106995884774,0.165,0.7186011877501848,0.704817064509398,0.47471137039170735,0.3082954263729803,1.0897435897435896,0.03022875095979645,1.0
delegated,19,346,196,159,37,0.5766666666666667,0.654320987654321,0.345679012345679,0.03636363636363636,0.32098765432098764,0.18877551020408162,0.7315895132682385,0.7133164890628751,0.47330430253234734,0.3047828490828415,1.1089743589743588,0.03986540916212664,1.0
delegated,20,355,196,166,30,0.5916666666666667,0.6831275720164609,0.3168724279835391,0.023529411764705882,0.3004115226337449,0.15306122448979592,0.7452619953595035,0.7213328833266732,0.4690881980644592,0.30183534626488956,1.1378205128205128,0.07217677850376178,1.0
delegated,21,354,197,166,31,0.59,0.6831275720164609,0.3168724279835391,0.04597701149425287,0.2839506172839506,0.15736040609137056,0.7581562480687855,0.7284505214172515,0.4679100312811655,0.29974361060747157,1.1346153846153846,0.05358054679524172,1.0
delegated,22,347,196,167,29,0.5783333333333334,0.6872427983539094,0.31275720164609055,0.01764705882352941,0.3004115226337449,0.14795918367346939,0.7712650494177934,0.7347383357068751,0.4695730519248496,0.29909098203975054,1.1121794871794872,0.045788384799606584,1.0
delegated,23,369,196,169,27,0.615,0.6954732510288066,0.30452674897119336,0.05056179775280899,0.2674897119341564,0.1377551020408163,0.7837640356945983,0.7410911171777413,0.46053535772317766,0.29598362431249875,1.1826923076923077,0.037273276054307615,1.0
delegated,24,361,197,173,24,0.6016666666666667,0.7119341563786008,0.2880658436213992,0.03888888888888889,0.25925925925925924,0.1218274111675127,0.7965777084614378,0.7469591329987121,0.46234835319646067,0.294750360102586,1.157051282051282,0.02037590632656139,1.0
delegated,25,332,196,163,33,0.5533333333333333,0.6707818930041153,0.3292181069958847,0.018072289156626505,0.3168724279835391,0.1683673469387755,0.8077955178148568,0.7521806623203581,0.4725904637326856,0.2967595069084719,1.064102564102564,0.0646483266937666,1.0
delegated,26,393,196,174,22,0.655,0.7160493827160493,0.28395061728395066,0.09375,0.20987654320987653,0.11224489795918367,0.8178065157627922,0.7573567979845779,0.4502189874948119,0.2913586950058532,1.2596153846153846,0.033304163135970496,1.0
delegated,27,375,196,179,17,0.625,0.7366255144032922,0.26337448559670784,0.05789473684210526,0.21810699588477367,0.08673469387755102,0.8280517703315511,0.7623873485503218,0.455041746737007,0.2898274186898225,1.2019230769230769,0.04556721826529563,1.0
delegated,28,365,192,163,29,0.6083333333333333,0.6707818930041153,0.3292181069958847,0.023952095808383235,0.31275720164609055,0.15104166666666666,0.8367524680871812,0.7667349758129545,0.46008494451209875,0.2902404928952816,1.169871794871795,0.0517365354893012,1.0
delegated,29,366,197,167,30,0.61,0.6872427983539094,0.31275720164609055,0.05649717514124294,0.2716049382716049,0.15228426395939088,0.8448436505454574,0.7715602425303796,0.4583359938328957,0.2900120405773636,1.1730769230769231,0.027409386429553418,1.0
delegated,30,382,196,178,18,0.6366666666666667,0.7325102880658436,0.2674897119341564,0.011111111111111112,0.25925925925925924,0.09183673469387756,0.855020321899627,0.7769760642202865,0.4516966642098013,0.2878178900229026,1.2243589743589742,0.04536321273063276,1.0
delegated,31,403,195,177,18,0.6716666666666666,0.7283950617283951,0.2716049382716049,0.053475935828877004,0.23045267489711935,0.09230769230769231,0.8634991200662603,0.7817610674227957,0.44421082107504745,0.28409026715486624,1.2916666666666667,0.057198992996030894,1.0
delegated,32,378,196,174,22,0.63,0.7160493827160493,0.28395061728395066,0.027932960893854747,0.26337448559670784,0.11224489795918367,0.8721427562949867,0.7863460834777627,0.4525860232646317,0.2845555024496884,1.2115384615384617,0.07621108988321841,1.0
delegated,33,405,193,172,21,0.675,0.7078189300411523,0.29218106995884774,0.06521739130434782,0.24279835390946503,0.10880829015544041,0.8789219912602274,0.7903995661164387,0.4428108476386985,0.2816581694225113,1.2980769230769231,0.0586087210991565,1.0
delegated,34,390,194,171,23,0.65,0.7037037037037037,0.2962962962962963,0.0446927374301676,0.26337448559670784,0.11855670103092783,0.885674456375143,0.7945529357036375,0.44787561959926664,0.28136018577689575,1.25,0.08583447840925651,1.0
delegated,35,407,193,171,22,0.6783333333333333,0.7037037037037037,0.2962962962962963,0.07065217391304347,0.24279835390946503,0.11398963730569948,0.891456340465154,0.7987459897521892,0.4416265273484274,0.2790622994260797,1.3044871794871795,0.05724510186730655,1.0
delegated,36,398,193,173,20,0.6633333333333333,0.7119341563786008,0.2880658436213992,0.08947368421052632,0.21810699588477367,0.10362694300518134,0.8969286127217609,0.8028094772144493,0.44393568437214026,0.2784000562946192,1.2756410256410255,0.056854096429374015,1.0
delegated,37,366,191,165,26,0.61,0.6790123456790124,0.32098765432098764,0.06779661016949153,0.2716049382716049,0.13612565445026178,0.901483598068587,0.8063156435235473,0.4545004279298237,0.2816042104331472,1.1730769230769231,0.04577713219320731,1.0
delegated,38,410,194,177,17,0.6833333333333333,0.7283950617283951,0.2716049382716049,0.08290155440414508,0.205761316872428,0.08762886597938144,0.9067571705116931,0.8104352009381132,0.43864319322507855,0.2784453257057114,1.314102564102564,0.05187968901657143,1.0
delegated,39,402,192,168,24,0.67,0.691358024691358,0.308641975308642,0.10160427807486631,0.23045267489711935,0.125,0.9104337340631501,0.8137350985015871,0.4420371705888839,0.27740820456384646,1.2884615384615385,0.05270602346577959,1.0
adaptive,0,208,117,93,24,0.3466666666666667,0.38271604938271603,0.617283950617284,0.0,0.6172839506172839,0.20512820512820512,0.5303300198082638,0.4690666916087537,0.7305935936039006,0.5583119427010919,0.6666666666666666,0.10523617832969305,0.0
adaptive,1,215,120,99,21,0.35833333333333334,0.4074074074074074,0.5925925925925926,0.0,0.5925925925925926,0.175,0.5363203362906792,0.4819607152548398,0.7270095300830374,0.5418591636538287,0.6891025641025642,0.07975813660689807,0.0
adaptive,2,227,127,108,19,0.37833333333333335,0.4444444444444444,0.5555555555555556,0.0,0.5555555555555556,0.14960629921259844,0.5435609774761402,0.4960275251509761,0.7213236327676141,0.5288683287192844,0.7275641025641025,0.052229503321847,0.0
adaptive,3,228,116,97,19,0.38,0.3991769547325103,0.6008230452674896,0.0,0.6008230452674898,0.16379310344827586,0.5494561006807214,0.5086941745408446,0.7224336599496479,0.5188535298138728,0.7307692307692308,0.07388459894174883,0.0
adaptive,4,217,117,99,18,0.3616666666666667,0.4074074074074074,0.5925925925925926,0.0,0.5925925925925926,0.15384615384615385,0.5556383813438065,0.5215824901735009,0.7251674124926589,0.5110462843426679,0.6955128205128204,0.0986392618048244,0.0
adaptive,5,225,127,109,18,0.375,0.448559670781893,0.5514403292181069,0.0,0.551440329218107,0.14173228346456693,0.5632010945570355,0.5357044398152561,0.7207788418961097,0.5045321962966766,0.7211538461538461,0.08765247398553495,0.0
adaptive,6,242,125,107,18,0.4033333333333333,0.4403292181069959,0.5596707818930041,0.0,0.5596707818930041,0.144,0.5704625726418433,0.5494692702047528,0.7151586606542888,0.49887844967166445,0.7756410256410257,0.048048006909440354,0.0
adaptive,7,242,129,111,18,0.4033333333333333,0.4567901234567901,0.5432098765432098,0.0,0.5432098765432098,0.13953488372093023,0.5782226833609033,0.5635372702933745,0.7140508227318336,0.49433300227790355,0.7756410256410257,0.09184675888324895,0.0
adaptive,8,261,127,109,18,0.435,0.448559670781893,0.5514403292181069,0.0,0.551440329218107,0.14173228346456693,0.5857450915984159,0.5767652191502559,0.7078573802086803,0.49032505361827683,0.8365384615384616,0.029425430770820094,0.0
adaptive,9,277,151,133,18,0.46166666666666667,0.5473251028806584,0.4526748971193416,0.0,0.45267489711934156,0.11920529801324503,0.5964640412004935,0.5925558126917516,0.6983332120763887,0.48632070674199596,0.8878205128205128,0.07157291014020872,0.0
adaptive,10,245,154,136,18,0.4083333333333333,0.5596707818930041,0.4403292181069959,0.0,0.4403292181069959,0.11688311688311688,0.6076080012440109,0.607531172727394,0.7075332753782467,0.48383372567023697,0.7852564102564102,0.05501392086538662,0.0
adaptive,11,268,144,126,18,0.44666666666666666,0.5185185185185185,0.4814814814814815,0.0,0.48148148148148145,0.125,0.6173838153580254,0.6200967875035189,0.7010491290253443,0.48132936028698453,0.858974358974359,0.08118436390785663,0.0
adaptive,12,272,157,139,18,0.4533333333333333,0.5720164609053497,0.42798353909465026,0.0,0.4279835390946502,0.11464968152866242,0.6288553936534496,0.6329976155030936,0.6971839255520228,0.4783301819254677,0.8717948717948719,0.05932747662861051,0.0
adaptive,13,293,173,155,18,0.48833333333333334,0.6378600823045267,0.36213991769547327,0.0,0.36213991769547327,0.10404624277456648,0.6424440807240741,0.645856101649106,0.687018740268711,0.4760208572163027,0.9391025641025642,0.0660699912660977,0.0
adaptive,14,286,171,153,18,0.4766666666666667,0.6296296296296297,0.37037037037037035,0.0,0.37037037037037035,0.10526315789473684,0.6556810923696957,0.6577743865496659,0.6886703226200729,0.4740372551742578,0.9166666666666666,0.03881144962353042,0.0
adaptive,15,293,172,154,18,0.48833333333333334,0.6337448559670782,0.3662551440329218,0.0,0.3662551440329218,0.10465116279069768,0.6692376581109308,0.6693550925326868,0.6854633461824928,0.47250267003986574,0.9391025641025642,0.0540173253317395,0.0
adaptive,16,307,163,145,18,0.5116666666666667,0.5967078189300411,0.4032921810699589,0.0,0.40329218106995884,0.11042944785276074,0.6813582711265277,0.6782368253972684,0.6817833375887954,0.47011285785037243,0.983974358974359,0.04189417020580907,0.0
adaptive,17,321,176,158,18,0.535,0.6502057613168725,0.34979423868312753,0.0,0.3497942386831276,0.10227272727272728,0.6951399606140765,0.6875592519570989,0.6744220373911874,0.4675936038229427,1.028846153846154,0.08337069446133479,0.0
adaptive,18,319,178,160,18,0.5316666666666666,0.6584362139917695,0.34156378600823045,0.0,0.34156378600823045,0.10112359550561797,0.7090419160891129,0.6965971091173955,0.6740382309867686,0.465972533612502,1.0224358974358974,0.05389840468340257,0.0
adaptive,19,320,176,158,18,0.5333333333333333,0.6502057613168725,0.34979423868312753,0.0,0.3497942386831276,0.10227272727272728,0.7221269735590367,0.7053768936914364,0.6730203858441038,0.4650434307830061,1.0256410256410255,0.05331290552661208,0.0
adaptive,20,312,173,155,18,0.52,0.6378600823045267,0.36213991769547327,0.0,0.36213991769547327,0.10404624277456648,0.7348526488776151,0.7134987377097729,0.6752985138504443,0.46396135357173623,1.0,0.04728830015222356,0.0
adaptive,21,342,176,158,18,0.57,0.6502057613168725,0.34979423868312753,0.0,0.3497942386831276,0.10227272727272728,0.7476892221016397,0.7206889925508541,0.6650108635463502,0.46119607056781803,1.096153846153846,0.08087012648096153,0.0
adaptive,22,335,182,164,18,0.5583333333333333,0.6748971193415638,0.3251028806584362,0.0,0.32510288065843623,0.0989010989010989,0.760836515281031,0.7276703005417433,0.6654778238900635,0.45950444284219943,1.073717948717949,0.08634493147507542,0.0
adaptive,23,352,188,173,15,0.5866666666666667,0.7119341563786008,0.2880658436213992,0.005747126436781609,0.2839506172839506,0.0797872340425532,0.7747316679735216,0.7347374132010007,0.6580554531657669,0.4565382946528255,1.1282051282051284,0.08330618974354347,0.0
adaptive,24,336,189,171,18,0.56,0.7037037037037037,0.2962962962962963,0.0,0.2962962962962963,0.09523809523809523,0.7872399120065289,0.7411169835102827,0.6629235227059961,0.45514682354576363,1.0769230769230769,0.10629566253951807,0.3333333333333333
adaptive,25,358,192,175,17,0.5966666666666667,0.720164609053498,0.279835390946502,0.016853932584269662,0.2674897119341564,0.08854166666666667,0.7994014604878427,0.746940416579497,0.5907749816659694,0.4416523956308562,1.1474358974358976,0.09057873291211102,0.3333333333333333
adaptive,26,364,190,176,14,0.6066666666666667,0.7242798353909465,0.27572016460905346,0.027624309392265192,0.2551440329218107,0.07368421052631578,0.8111636292906166,0.7526320762861508,0.5876655573773591,0.43161429696698606,1.1666666666666667,0.0658579467425306,0.3333333333333333
adaptive,27,372,199,184,15,0.62,0.757201646090535,0.24279835390946503,0.041666666666666664,0.20987654320987653,0.07537688442211055,0.8224182147651878,0.758161412922269,0.5837498150391803,0.42292922509134506,1.1923076923076925,0.07933271963468583,0.3333333333333333
adaptive,28,372,196,180,16,0.62,0.7407407407407407,0.2592592592592593,0.03225806451612903,0.2345679012345679,0.08163265306122448,0.8331639856634653,0.763666166149715,0.582939833776,0.41650435470112573,1.1923076923076923,0.0531817894564269,0.3333333333333333
adaptive,29,382,193,175,18,0.6366666666666667,0.720164609053498,0.279835390946502,0.04371584699453552,0.24691358024691357,0.09326424870466321,0.8420419793133559,0.768571466636356,0.5793934966205124,0.41069428117324125,1.2243589743589742,0.04442761192952751,0.8333333333333334
adaptive,30,376,205,178,27,0.6266666666666667,0.7325102880658436,0.2674897119341564,0.011111111111111112,0.25925925925925924,0.13170731707317074,0.8521377279098116,0.7738154630669428,0.4855425243788787,0.3911119156063745,1.205128205128205,0.03977603707293297,0.8333333333333334
adaptive,31,368,201,172,29,0.6133333333333333,0.7078189300411523,0.29218106995884774,0.033707865168539325,0.2674897119341564,0.14427860696517414,0.8604757667646887,0.7785443078819038,0.48809328192394164,0.3772236910661461,1.1794871794871795,0.04966779666590098,0.8333333333333334
adaptive,32,387,199,177,22,0.645,0.7283950617283951,0.2716049382716049,0.06349206349206349,0.2222222222222222,0.11055276381909548,0.8681899472855775,0.7827534636033843,0.4811103786100279,0.3641181269978675,1.2403846153846152,0.06837390415984015,0.8333333333333334
adaptive,33,375,192,170,22,0.625,0.6995884773662552,0.3004115226337448,0.08108108108108109,0.23868312757201646,0.11458333333333333,0.8738177010496455,0.7872262948193731,0.4857635228947697,0.3545139543173468,1.2019230769230769,0.10952382205820516,0.8333333333333334
adaptive,34,393,190,167,23,0.655,0.6872427983539094,0.31275720164609055,0.08241758241758242,0.25102880658436216,0.12105263157894737,0.8796482048647196,0.7918930619175417,0.47950690574997384,0.34574383695405914,1.2596153846153846,0.08090663498037594,0.8333333333333334
adaptive,35,377,193,168,25,0.6283333333333333,0.691358024691358,0.308641975308642,0.056179775280898875,0.2674897119341564,0.12953367875647667,0.8862038468424245,0.7958346274361537,0.48373314809714185,0.3405034402163014,1.2083333333333333,0.07142013758815316,0.8333333333333334
adaptive,36,398,195,180,15,0.6633333333333333,0.7407407407407407,0.2592592592592593,0.047619047619047616,0.2222222222222222,0.07692307692307693,0.8934175809740149,0.8003231774644671,0.47533573877006097,0.3335051709427032,1.2756410256410255,0.0606270509543578,0.8333333333333334
adaptive,37,408,199,180,19,0.68,0.7407407407407407,0.2592592592592593,0.05759162303664921,0.2139917695473251,0.09547738693467336,0.8997211315853868,0.804342425145035,0.47177184289544144,0.32706840161412604,1.3076923076923077,0.06592799190134585,0.8333333333333334
adaptive,38,409,199,178,21,0.6816666666666666,0.7325102880658436,0.2674897119341564,0.0481283422459893,0.23045267489711935,0.10552763819095477,0.906049654428098,0.808220947519308,0.4713080557514459,0.3219274245838668,1.310897435897436,0.061615420215389356,0.8333333333333334
adaptive,39,396,194,173,21,0.66,0.7119341563786008,0.2880658436213992,0.059782608695652176,0.24279835390946503,0.10824742268041238,0.9107476838637186,0.8117991481702296,0.47487228234656037,0.3191906383887983,1.2692307692307692,0.043566529117060625,0.8333333333333334
