seed,scenario,applications_final,approvals_final,eligible_approved_final,ineligible_approved_final,access_rate_final,exclusion_error_final,inclusion_error_final,avg_trust_final,avg_info_final,avg_monitoring_final,avg_service_quality_final,avg_congestion_final,territorial_inequality_final,delegated_share_final,access_rate_mean,exclusion_error_mean,admin_exclusion_error_mean,demand_gap_mean,inclusion_error_mean,avg_trust_mean,avg_info_mean,avg_monitoring_mean,avg_service_quality_mean,avg_congestion_mean,territorial_inequality_mean,delegated_share_mean
1,hierarchy,397,213,198,15,0.7615384615384615,0.2384615384615385,0.0704225352112676,0.9206790827454874,0.824855289007289,0.632577130613655,0.4321706917974848,1.2724358974358974,0.019734065323912,0.0,0.6131730769230769,0.386826923076923,0.0065880039699084,0.381826923076923,0.1012124526013422,0.7250168235194432,0.685601631528292,0.6761387210905726,0.4669609186199379,1.014423076923077,0.0742203714499317,0.0
1,delegated,414,196,179,17,0.6884615384615385,0.3115384615384615,0.086734693877551,0.913598400283563,0.829713584866009,0.4373175719292229,0.2850299492096613,1.3269230769230769,0.0607238003165814,1.0,0.619326923076923,0.3806730769230769,0.0569866023157351,0.3385576923076923,0.1678650874889019,0.7406975574802235,0.6965638645099158,0.4765335066252414,0.3291056886395175,1.0838141025641026,0.06756697450081,1.0
1,adaptive,373,194,175,19,0.6730769230769231,0.3269230769230768,0.0979381443298969,0.9113934760728604,0.8253216811810009,0.4833968040449794,0.3265000952892972,1.1955128205128205,0.0455067755576426,1.0,0.6046153846153846,0.3953846153846153,0.0275632666225729,0.3749038461538462,0.1043520497469856,0.7283131893761867,0.6874352733063145,0.6118600083329422,0.4309197127115258,1.0185096153846154,0.0835030794807788,0.3583333333333333
2,hierarchy,408,203,187,16,0.7923728813559322,0.2076271186440678,0.0788177339901477,0.9061191067569238,0.8099998616200647,0.6299482710517271,0.4357379456837369,1.3076923076923077,0.0375443147781433,0.0,0.6179025423728813,0.3820974576271186,0.0012446652455164,0.3811440677966101,0.1156545950385269,0.7089713185881918,0.6772172064310373,0.6780740548390933,0.4701249957608276,1.0029647435897435,0.0776979584909363,0.0
2,delegated,378,199,166,33,0.7033898305084746,0.2966101694915254,0.1658291457286432,0.8981780331385368,0.8090050863622821,0.451289698301061,0.2911415385127848,1.2115384615384617,0.058588531516344,1.0,0.6027542372881356,0.3972457627118644,0.0175946559536063,0.3845338983050847,0.2401198244145702,0.7073368759293481,0.6768975036384154,0.4870453568248519,0.3344052775774252,1.0145833333333334,0.0554201198265156,1.0
2,adaptive,373,198,177,21,0.75,0.25,0.106060606060606,0.8855169237259001,0.805441762430522,0.4845113857482135,0.3497234578956644,1.1955128205128205,0.0511593241257624,1.0,0.5795550847457627,0.4204449152542373,0.0080750497076531,0.4146186440677966,0.1328529080720409,0.6918889749376753,0.6694571211072693,0.6529802218855341,0.4585508337814737,0.9590544871794872,0.077101322229131,0.1916666666666666
3,hierarchy,367,189,171,18,0.7276595744680852,0.2723404255319148,0.0952380952380952,0.8915859307359498,0.7987264256045545,0.6449252242453988,0.4408808621897698,1.176282051282051,0.049389245664584,0.0,0.5988297872340426,0.4011702127659574,0.0002873942917547,0.4009574468085106,0.1207354335537615,0.702469641563992,0.6650290894938948,0.683359353673666,0.4758767946202232,0.9596955128205128,0.0775087773909174,0.0
3,delegated,399,193,172,21,0.7319148936170212,0.2680851063829788,0.1088082901554404,0.8998901068597805,0.8023956621819157,0.4431876846539371,0.2837892282287166,1.278846153846154,0.0580038754939582,1.0,0.6108510638297873,0.3891489361702128,0.0210629571143415,0.3738297872340425,0.2260705632152416,0.7157520979429827,0.671409288776306,0.4870552962156849,0.3366413607574862,1.0033653846153847,0.0682376452713926,1.0
3,adaptive,392,194,172,22,0.7319148936170212,0.2680851063829788,0.1134020618556701,0.8863253838542717,0.7991575911811458,0.478467669004827,0.3386296293413276,1.2564102564102564,0.0648659005622769,0.6666666666666666,0.5851063829787234,0.4148936170212766,0.008487972288752,0.4086170212765957,0.1301286961885114,0.6983662943609591,0.6649173939948848,0.6484294372154403,0.4598647337712085,0.9571314102564102,0.0703120678355886,0.2041666666666666
4,hierarchy,385,193,177,16,0.7468354430379747,0.2531645569620253,0.082901554404145,0.9009485462976066,0.7983787020952028,0.6385010750468255,0.4357275576720791,1.2339743589743588,0.0704662506827963,0.0,0.5943037974683544,0.4056962025316456,0.0008453772382404,0.4050632911392405,0.1227444426202836,0.7033284428946779,0.6572259390482486,0.6840305945599859,0.4780486030188551,0.9541666666666666,0.0786968042282171,0.0
4,delegated,403,195,172,23,0.7257383966244726,0.2742616033755274,0.1179487179487179,0.90826318250698,0.8029520636075674,0.4414374807070931,0.2789015742370243,1.2916666666666667,0.0345930924276165,1.0,0.6050632911392405,0.3949367088607595,0.0210223258694762,0.3795358649789029,0.227791866879523,0.716538405940594,0.664526878576779,0.4866200726289564,0.3369827679851758,1.009054487179487,0.0602309124717773,1.0
4,adaptive,403,198,179,19,0.7552742616033755,0.2447257383966244,0.0959595959595959,0.9032078587002652,0.800499811577394,0.4730379789699326,0.3354903050779997,1.2916666666666667,0.0616037143485747,1.0,0.5966244725738397,0.4033755274261603,0.0076507923252354,0.3976793248945148,0.1305841010568008,0.7083947900452572,0.6603354369064676,0.6422975537555721,0.4584332754642905,0.9683493589743588,0.0659261388785247,0.2333333333333333
5,hierarchy,433,233,222,11,0.8314606741573034,0.1685393258426966,0.0472103004291845,0.9344745940174792,0.8315665479864887,0.6200646636027718,0.4231115183082789,1.3878205128205128,0.0478101192047325,0.0,0.6301498127340823,0.3698501872659176,0.0003439872325741,0.3695692883895131,0.1012732939114404,0.737587326245322,0.688100583088561,0.6709484684489644,0.4692027177561549,1.053044871794872,0.0718073341573448,0.0
5,delegated,398,197,181,16,0.6779026217228464,0.3220973782771535,0.0812182741116751,0.9224305132228446,0.8311262460181479,0.4429730755946835,0.2904500696828195,1.2756410256410258,0.0428167555852361,1.0,0.6111423220973783,0.3888576779026217,0.031930679548087,0.3652621722846442,0.1671998227388795,0.7395596757193467,0.690740935749142,0.4797656167493806,0.3380606419376508,1.060176282051282,0.0548097556870618,1.0
5,adaptive,397,200,181,19,0.6779026217228464,0.3220973782771535,0.095,0.918949396265111,0.8287785489072096,0.4437284143177695,0.3041259079536786,1.2724358974358974,0.0242716868686301,1.0,0.6094569288389513,0.3905430711610487,0.0197649927811828,0.3753745318352059,0.1029042068543414,0.73025785850462,0.6857307036045768,0.6097145491152245,0.4382221793331625,1.0381410256410255,0.057875407221388,0.3583333333333333
6,hierarchy,399,196,178,18,0.7325102880658436,0.2674897119341564,0.0918367346938775,0.9164580349479892,0.810869192350537,0.6327047003285116,0.4274380792187648,1.2788461538461535,0.051303472540674,0.0,0.6296296296296295,0.3703703703703703,0.0001420454545454,0.3702674897119341,0.1094908987068908,0.7236043984451381,0.6792402107868092,0.6746485299492904,0.468485693663203,1.0198717948717948,0.0674599053939859,0.0
6,delegated,402,192,168,24,0.691358024691358,0.308641975308642,0.125,0.91043373406315,0.8137350985015871,0.4420371705888839,0.2774082045638464,1.2884615384615383,0.0527060234657795,1.0,0.6243827160493828,0.3756172839506173,0.0326368504818582,0.3516460905349794,0.1986529890401929,0.7301182603084863,0.6858524946747045,0.4803590362465367,0.3273931075426442,1.051602564102564,0.0551286113536855,1.0
6,adaptive,396,194,173,21,0.7119341563786008,0.2880658436213992,0.1082474226804123,0.9107476838637186,0.8117991481702296,0.4748722823465603,0.3191906383887983,1.2692307692307692,0.0435665291170606,0.8333333333333334,0.6175925925925926,0.3824074074074074,0.0177244261684815,0.3689300411522633,0.1162699821984873,0.7245556735784033,0.6814795432156238,0.6275304255089448,0.4440688318412672,1.015865384615385,0.0678520824493702,0.2708333333333333
7,hierarchy,369,201,185,16,0.7644628099173554,0.2355371900826446,0.0796019900497512,0.8846256851304626,0.7987325582187591,0.6444515827709311,0.4378299671872374,1.1826923076923077,0.0864377832267238,0.0,0.5851239669421487,0.4148760330578512,0.0,0.4148760330578512,0.1191578123986063,0.6861357372624253,0.6564729444622079,0.686027639222229,0.4742287824024569,0.9446314102564102,0.0783176482206706,0.0
7,delegated,395,194,172,22,0.7107438016528925,0.2892561983471075,0.1134020618556701,0.8921621107658333,0.8016830563938335,0.4462446460240696,0.2815237288897569,1.266025641025641,0.0740051546538056,1.0,0.6042355371900826,0.3957644628099174,0.0171789865666847,0.3831611570247933,0.2209516983310465,0.7024545319195974,0.6656644638672342,0.4881736057363737,0.3322997232610459,1.0007211538461538,0.0583771024212976,1.0
7,adaptive,383,190,165,25,0.6818181818181818,0.3181818181818182,0.131578947368421,0.8753862121948115,0.7968099543848162,0.515127104745467,0.3561538089308478,1.2275641025641026,0.0709675105781019,0.8333333333333334,0.5674586776859505,0.4325413223140495,0.0080432285189326,0.4266528925619835,0.1300263831780778,0.6795469422772598,0.6548529141342326,0.6558748581275362,0.4592225657934169,0.9375801282051284,0.0639077059694799,0.1875
8,hierarchy,419,222,207,15,0.7723880597014925,0.2276119402985075,0.0675675675675675,0.9381428636856404,0.840699093340569,0.6244666452466354,0.4239479905154474,1.3429487179487178,0.0350607620711237,0.0,0.6340485074626866,0.3659514925373134,0.0003562247928023,0.3656716417910448,0.0979432251398015,0.7464888616311117,0.7061358887263943,0.6691299634090467,0.4638529321623564,1.062900641025641,0.0619512141725408,0.0
8,delegated,397,197,182,15,0.6791044776119403,0.3208955223880597,0.0761421319796954,0.9225785395664474,0.838791006513733,0.4422842177740043,0.2888997847973265,1.2724358974358976,0.0450122832461613,1.0,0.6162313432835821,0.3837686567164179,0.0414118827297055,0.3528917910447761,0.1573985466870167,0.7443777959668193,0.7059889564822084,0.4774968407071364,0.3308547738026337,1.0746794871794871,0.0486335441850846,1.0
8,adaptive,409,198,187,11,0.6977611940298507,0.3022388059701493,0.0555555555555555,0.9210742321785698,0.8365926561934196,0.4388662983111466,0.2959219417711141,1.310897435897436,0.031282819249835,1.0,0.60625,0.39375,0.0255638939876784,0.3744402985074627,0.1046547483850768,0.7318064783065003,0.6984673384433202,0.6012173496529974,0.4268345818351973,1.0419070512820512,0.0616565565269194,0.4
9,hierarchy,410,220,204,16,0.796875,0.203125,0.0727272727272727,0.9377576965105696,0.8340967556350689,0.6273276119820463,0.4273781710471659,1.314102564102564,0.0340466704649748,0.0,0.64560546875,0.35439453125,0.0006099520471869,0.35390625,0.1015873807452854,0.7427120874438992,0.6944043960936905,0.6689598306631109,0.4655683052735031,1.06650641025641,0.0606245706706441,0.0
9,delegated,428,197,179,18,0.69921875,0.30078125,0.0913705583756345,0.9278094742299944,0.8353253620860287,0.4328539261672827,0.2860265986975591,1.3717948717948716,0.0384176779158572,1.0,0.62822265625,0.37177734375,0.0304448634091128,0.348828125,0.1756686803149097,0.7444541506957731,0.6984158943483274,0.4776628614818524,0.3337652437222441,1.0742788461538462,0.0538654875491429,1.0
9,adaptive,423,199,186,13,0.7265625,0.2734375,0.0653266331658291,0.9264262386041954,0.8332383692844284,0.4344959337042796,0.2968377419113132,1.3557692307692306,0.0669580143561405,1.0,0.6208984375,0.3791015625,0.0190308839968953,0.36435546875,0.1098133043724929,0.7364455984984921,0.6938144650981645,0.6042123704573323,0.4316162812678403,1.047996794871795,0.0604853232375436,0.3791666666666667
10,hierarchy,418,221,207,14,0.7840909090909091,0.2159090909090909,0.0633484162895927,0.9275943090692208,0.8349664434444789,0.62448185575023,0.4182583873297927,1.3397435897435896,0.0357559548810361,0.0,0.6236742424242424,0.3763257575757576,0.0044647994627891,0.3729166666666667,0.0984773881372458,0.7316105911101684,0.6953940397621813,0.6720772230073863,0.457516884152647,1.0403846153846152,0.0723826837162824,0.0
10,delegated,410,191,178,13,0.6742424242424242,0.3257575757575758,0.0680628272251308,0.9140052194350504,0.8375540081548164,0.4386610942372444,0.2695712138991127,1.314102564102564,0.0552856301514516,1.0,0.6017045454545454,0.3982954545454545,0.0450706902247928,0.3660037878787879,0.1655357533888032,0.7385419504736974,0.7043388001713946,0.4785757158758043,0.3170039385300733,1.0635416666666666,0.0546804525129685,1.0
10,adaptive,408,196,185,11,0.7007575757575758,0.2992424242424242,0.0561224489795918,0.908114031120954,0.8340560391972098,0.438720751821102,0.2921643114324339,1.3076923076923077,0.0698149645590903,1.0,0.5884469696969697,0.4115530303030302,0.032990231483779,0.3870265151515151,0.1059660002778335,0.726117203859307,0.6965978221418951,0.610226648093559,0.4233266686104747,1.0310897435897437,0.0648975414574878,0.3583333333333333
11,hierarchy,385,181,163,18,0.7342342342342343,0.2657657657657657,0.0994475138121546,0.8950242366542203,0.7916393267388654,0.6391348157265596,0.4326959676381716,1.233974358974359,0.0763839948031698,0.0,0.626463963963964,0.373536036036036,0.0,0.373536036036036,0.1217518647491596,0.7094694586940887,0.6652436163634747,0.6798173405994234,0.4687649379003982,0.9782852564102564,0.0770737282175406,0.0
11,delegated,393,195,171,24,0.7702702702702703,0.2297297297297297,0.123076923076923,0.898264279874538,0.7937682639469149,0.4446878058742259,0.2772471733240825,1.2596153846153846,0.0298177188729793,1.0,0.6351351351351352,0.3648648648648648,0.0108112406441133,0.3567567567567568,0.2374977793092568,0.7169603732145389,0.668629491090239,0.4848231244448858,0.3253525529276662,1.0162660256410256,0.062812688825099,1.0
11,adaptive,382,196,169,27,0.7612612612612613,0.2387387387387387,0.1377551020408163,0.8817145672781034,0.7886231035040723,0.4813595107979858,0.343135294813262,1.2243589743589742,0.0596867563421545,0.8333333333333334,0.5921171171171171,0.4078828828828829,0.0008860391182126,0.4072072072072072,0.1418312910093608,0.695081948271039,0.6603233849637368,0.6560842382027419,0.4588495617413924,0.9565705128205128,0.0649068492875259,0.1666666666666666
12,hierarchy,415,201,186,15,0.75,0.25,0.0746268656716417,0.90970535658167,0.8152370217051045,0.6282976877865386,0.4320716189492588,1.330128205128205,0.0751698391678179,0.0,0.6134072580645161,0.3865927419354839,0.0096151124987236,0.3795362903225806,0.1049926543546595,0.7230840760163947,0.6820113345218568,0.6765805870733487,0.4699840644313638,1.009775641025641,0.0671615629416704,0.0
12,delegated,395,195,166,29,0.6693548387096774,0.3306451612903226,0.1487179487179487,0.909319483336352,0.8186888730230348,0.4449042071932118,0.2837253505737514,1.2660256410256412,0.0610996799343682,1.0,0.6141129032258064,0.3858870967741935,0.0455472377259124,0.3527217741935484,0.1993577446049632,0.7388350855997415,0.6904177433695005,0.4791227762894182,0.332194788808892,1.062740384615385,0.0605568839758451,1.0
12,adaptive,403,181,166,15,0.6693548387096774,0.3306451612903226,0.0828729281767955,0.8940278879476639,0.8123139720097782,0.5068121965237161,0.3457056005182239,1.2916666666666667,0.0587744559352275,1.0,0.5809475806451613,0.4190524193548387,0.0308710989999778,0.3964717741935484,0.1138592658622209,0.7147216395446578,0.6776511382301811,0.6312906806896509,0.4450655329636643,0.9989583333333334,0.0800558289257259,0.275
13,hierarchy,407,209,196,13,0.7538461538461538,0.2461538461538461,0.062200956937799,0.9068079404309842,0.8246855246471353,0.6309942286011042,0.4242725025456745,1.3044871794871795,0.1221269380938802,0.0,0.5909615384615384,0.4090384615384616,0.0023615049905168,0.4073076923076922,0.1080895634915636,0.7114252665390464,0.6806620557782845,0.6797323409398366,0.4613705063322554,0.9870192307692308,0.0744795294573472,0.0
13,delegated,388,190,169,21,0.65,0.35,0.1105263157894736,0.900655291131565,0.8275372034039162,0.4471963247024343,0.2734942231628315,1.2435897435897434,0.0503971713756483,1.0,0.5744230769230769,0.425576923076923,0.0453847977081074,0.3936538461538461,0.1918928630181086,0.718499773233117,0.6871011863924772,0.4849569658626839,0.3191968581265435,1.0229166666666667,0.0584232081247124,1.0
13,adaptive,402,179,166,13,0.6384615384615384,0.3615384615384616,0.0726256983240223,0.8923191673336227,0.8245087758867025,0.475711083546194,0.3116885503396394,1.2884615384615383,0.0839271450383197,0.8333333333333334,0.5792307692307692,0.4207692307692308,0.0306139363736514,0.3981730769230769,0.103439670034368,0.7154431865581737,0.6831890687706379,0.62749194161058,0.4326449511934824,0.9896634615384616,0.0734860685041041,0.2916666666666667
14,hierarchy,382,187,169,18,0.7544642857142857,0.2455357142857143,0.0962566844919786,0.8964770100983581,0.7927718269792369,0.6392571643678441,0.4374978334317372,1.2243589743589742,0.0589032980779861,0.0,0.6087053571428571,0.3912946428571429,0.0,0.3912946428571428,0.1233763693734423,0.7072847587464467,0.6633932498193795,0.6827439178846461,0.4705976823559328,0.954727564102564,0.0642010784289019,0.0
14,delegated,385,192,156,36,0.6964285714285714,0.3035714285714286,0.1875,0.9005567903578318,0.7957530692702787,0.4488625037662005,0.2794772221457313,1.233974358974359,0.0495794533305322,1.0,0.6203125,0.3796875,0.0100596684410742,0.3723214285714286,0.2433636796593378,0.7162092430768168,0.667411191648132,0.486557714353984,0.3269243349942959,1.0044871794871797,0.064224400271381,1.0
14,adaptive,390,192,166,26,0.7410714285714286,0.2589285714285714,0.1354166666666666,0.8839344804738043,0.7907440203298699,0.4787993213089558,0.3429621505940879,1.25,0.0303880521311338,1.0,0.5877232142857143,0.4122767857142856,0.0011712189647743,0.4113839285714286,0.1368943184790778,0.6928399635557038,0.6576354606880649,0.6577415170763791,0.4595446775029462,0.9443910256410256,0.0631231641381002,0.1708333333333333
15,hierarchy,361,174,158,16,0.6899563318777293,0.3100436681222707,0.0919540229885057,0.88672707115318,0.79827026154408,0.648414067868169,0.4365082151718211,1.1570512820512822,0.0974883228611363,0.0,0.589410480349345,0.410589519650655,0.0,0.410589519650655,0.1229040344641803,0.700658281625994,0.6636944862158101,0.6844306979689357,0.4608980212489321,0.9499198717948716,0.090136818801607,0.0
15,delegated,409,193,175,18,0.7641921397379913,0.2358078602620087,0.0932642487046632,0.8956194290771414,0.8014292069184011,0.4395402768217291,0.2729576019502043,1.310897435897436,0.0678445536948511,1.0,0.6009825327510917,0.3990174672489083,0.0168532590632714,0.3867903930131004,0.2388373273734358,0.7075000511373698,0.6677562257722596,0.4886761218483522,0.3170705308224152,0.992227564102564,0.062592388187969,1.0
15,adaptive,364,176,158,18,0.6899563318777293,0.3100436681222707,0.1022727272727272,0.8833760528221838,0.7996680964155735,0.5830798948756825,0.3891389657064563,1.1666666666666663,0.0651791765563992,0.6666666666666666,0.5913755458515284,0.4086244541484716,0.0122035673211268,0.3998908296943231,0.1251452288760944,0.7032655037012542,0.6676076749429105,0.6548526437989121,0.4440014003139055,0.9620993589743588,0.0757942259581288,0.1625
16,hierarchy,408,214,199,15,0.7713178294573644,0.2286821705426356,0.0700934579439252,0.9249889615142076,0.828843892675611,0.6287302481231908,0.4218788315731606,1.3076923076923077,0.069316499632179,0.0,0.6111434108527132,0.3888565891472868,0.0016602275557499,0.3875968992248061,0.1059248540659781,0.7265984744878541,0.6893860322816248,0.6750254714796905,0.4595439040504687,1.017548076923077,0.0625792771185984,0.0
16,delegated,391,192,174,18,0.6744186046511628,0.3255813953488372,0.09375,0.9147824174323964,0.8297700116319269,0.4454272807225841,0.27547361214134,1.2532051282051282,0.0717645661654544,1.0,0.5993217054263565,0.4006782945736434,0.0385017646695636,0.3727713178294574,0.1823191000839784,0.7335251913929497,0.694071719866814,0.4801599883674747,0.3168616009072981,1.0548878205128205,0.0543621779650418,1.0
16,adaptive,407,196,173,23,0.6705426356589147,0.3294573643410853,0.1173469387755102,0.9149485868214132,0.8270798421031059,0.4407609364829218,0.2905158784727686,1.3044871794871795,0.0682056517686291,1.0,0.5956395348837209,0.404360465116279,0.0183208097020205,0.3906007751937984,0.1129775673323098,0.7230436025714461,0.6876862560477627,0.6195223192304082,0.430039151037382,1.0212339743589745,0.0638645831610382,0.3166666666666666
17,hierarchy,408,213,197,16,0.76953125,0.23046875,0.0751173708920187,0.9216014414560748,0.8185444952265075,0.6288762269748703,0.426736100504909,1.3076923076923077,0.0477332062800902,0.0,0.63115234375,0.36884765625,0.0041789117777211,0.36572265625,0.0989757985013462,0.7386691669044081,0.6831989690870286,0.672141456412678,0.4585975770799164,1.0354166666666669,0.0746643142929053,0.0
17,delegated,414,194,178,16,0.6953125,0.3046875,0.0824742268041237,0.9031812929289496,0.8177538242650821,0.4383058853550455,0.2764306461231979,1.3269230769230769,0.0665261779655106,1.0,0.5982421875,0.4017578125,0.0484782577330286,0.366796875,0.1906825378219745,0.7281013353928504,0.6822576126313845,0.4819687529703452,0.3211962256994866,1.041346153846154,0.0644013444849697,1.0
17,adaptive,394,186,168,18,0.65625,0.34375,0.0967741935483871,0.8978608614902733,0.8145718567888135,0.4772823485091838,0.3213338562379276,1.2628205128205128,0.0713892849691636,1.0,0.58984375,0.41015625,0.0333979919069755,0.38544921875,0.106187679743941,0.7204168218967058,0.676071944852607,0.6213924184143506,0.4288941156285354,1.006650641025641,0.0729314619510062,0.3166666666666666
18,hierarchy,414,213,197,16,0.7848605577689243,0.2151394422310757,0.0751173708920187,0.9069479806518158,0.8143680028387966,0.6281954214434197,0.4318654060249216,1.3269230769230769,0.0549496861125398,0.0,0.6026892430278885,0.3973107569721115,0.0006512907476789,0.396812749003984,0.113368806416833,0.7038086545029654,0.6771257832921723,0.6789264653422207,0.4714918761143735,1.0021634615384616,0.0655827263558425,0.0
18,delegated,383,196,170,26,0.6772908366533864,0.3227091633466136,0.1326530612244898,0.9020153847810112,0.8148928039991801,0.4498487029052477,0.2900200855670494,1.2275641025641024,0.0558703933101706,1.0,0.603585657370518,0.396414342629482,0.0253921870598407,0.3781872509960159,0.2074644869295595,0.7142948108513034,0.6814809885510673,0.4849151326136247,0.3356173847639563,1.028605769230769,0.0694331410069656,1.0
18,adaptive,395,200,183,17,0.7290836653386454,0.2709163346613545,0.085,0.9097204859844832,0.8166836026383275,0.4444768469449993,0.3093464615402949,1.266025641025641,0.0617969993101548,0.8333333333333334,0.6208167330677291,0.3791832669322709,0.0128502521221581,0.3691235059760956,0.113652752307415,0.7163820921146435,0.683155421143666,0.6199598163035142,0.4415064648389251,1.0219551282051282,0.0691018673629336,0.3125
19,hierarchy,385,204,189,15,0.7269230769230769,0.2730769230769231,0.0735294117647058,0.9220813734812446,0.8277469820136545,0.6385767680668442,0.4377925377850167,1.2339743589743588,0.0991070113644897,0.0,0.6210576923076923,0.3789423076923077,0.0043587374006546,0.3757692307692307,0.1005994780224185,0.724685471505427,0.6877205921603783,0.6743073434819924,0.4660614417544277,1.033253205128205,0.0632243239272136,0.0
19,delegated,399,200,179,21,0.6884615384615385,0.3115384615384615,0.105,0.9123724962745458,0.8292934555348787,0.4434364085163587,0.2938137915464072,1.278846153846154,0.041014500487164,1.0,0.6125,0.3875,0.0399373644072932,0.3578846153846153,0.1796600139855095,0.7286189633239478,0.6916339262032782,0.4801901732767589,0.3342739564774974,1.0652243589743589,0.0582912391135658,1.0
19,adaptive,419,203,181,22,0.6961538461538461,0.3038461538461539,0.1083743842364532,0.9038913899576084,0.8250460423675031,0.4378960682033349,0.311408151050117,1.342948717948718,0.0656132280738395,1.0,0.5877884615384615,0.4122115384615384,0.0217043916131462,0.3960576923076923,0.1166482453349189,0.7111607366546424,0.6819713165999587,0.6145876815957069,0.43549851347196,1.01161858974359,0.0615400236148483,0.3583333333333333
20,hierarchy,425,223,208,15,0.8062015503875969,0.1937984496124031,0.0672645739910313,0.930306452622184,0.826955656629013,0.6229015822718096,0.4267546022047486,1.3621794871794872,0.0316927376495498,0.0,0.6341085271317829,0.365891472868217,0.0013540559019806,0.3648255813953488,0.1017615460532418,0.7328113319422792,0.6864763716104793,0.6721499872464926,0.4611990380987575,1.0438301282051283,0.0630111456726183,0.0
20,delegated,414,196,175,21,0.6782945736434108,0.3217054263565891,0.1071428571428571,0.9146079546116648,0.8272415998587288,0.4382148389908331,0.2838106873152946,1.3269230769230766,0.0171820879801116,1.0,0.6165697674418604,0.3834302325581395,0.0426491645935629,0.3511627906976744,0.1771553997085941,0.7354557833144483,0.6904365647736566,0.4792154294160017,0.3275673689432562,1.0653846153846154,0.0560242709451998,1.0
20,adaptive,412,200,180,20,0.6976744186046512,0.3023255813953488,0.1,0.9193582551014038,0.8261750401731085,0.4707454927298735,0.3206075883185018,1.3205128205128207,0.0462664909308963,0.8333333333333334,0.6133720930232558,0.3866279069767442,0.0173739254878197,0.3734496124031007,0.1107673361649721,0.7318283570391175,0.686051735792405,0.6179487538107742,0.4337296948085652,1.034294871794872,0.0623424886558536,0.3125
21,hierarchy,390,193,176,17,0.7333333333333333,0.2666666666666667,0.0880829015544041,0.905309944331499,0.8100662248195942,0.6367918631698356,0.4396150750119261,1.2499999999999998,0.0441822203181754,0.0,0.6009375,0.3990625,0.0025079010551138,0.3971875,0.1139944304188047,0.711326022918622,0.6725893244892136,0.6813315720433328,0.469187145262204,0.9755608974358976,0.0857712650150226,0.0
21,delegated,415,196,180,16,0.75,0.25,0.0816326530612244,0.9024300995523272,0.8105286846244966,0.43781136055081,0.2851966769930372,1.330128205128205,0.0892211767178864,1.0,0.5971875,0.4028125,0.0278545020522849,0.3829166666666667,0.2286743502768571,0.7155804519158275,0.6753885383241937,0.4875075735961349,0.332121159997799,1.0039262820512822,0.0663143426970358,1.0
21,adaptive,384,185,156,29,0.65,0.35,0.1567567567567567,0.883832467874879,0.8061575277313048,0.5146872964982238,0.3626663002901772,1.2307692307692306,0.0304512733254723,1.0,0.5648958333333334,0.4351041666666666,0.0219067733762246,0.4194791666666666,0.1249555401664586,0.6971481672086302,0.6666215037264738,0.6504065479609289,0.4514680292126584,0.944551282051282,0.0720627943375207,0.2125
22,hierarchy,393,210,192,18,0.7773279352226721,0.2226720647773279,0.0857142857142857,0.90657113610935,0.8111969722489344,0.6345642101848029,0.4281857708981258,1.2596153846153844,0.0593879890263734,0.0,0.594331983805668,0.405668016194332,0.0,0.405668016194332,0.1176423711238075,0.707213832764547,0.6712266308383413,0.6793989877399785,0.4686769872048137,0.993028846153846,0.0676906616914265,0.0
22,delegated,402,193,177,16,0.7165991902834008,0.2834008097165992,0.082901554404145,0.9061069502492852,0.8134588600771432,0.4419637991474167,0.2726992464812345,1.2884615384615383,0.0238020934896971,1.0,0.6029352226720648,0.3970647773279352,0.0215906377718513,0.3809716599190283,0.2061568491350788,0.7193260983175455,0.677842707201507,0.483843749063397,0.3253799406842814,1.0307692307692309,0.0557351128429994,1.0
22,adaptive,407,198,184,14,0.7449392712550608,0.2550607287449392,0.0707070707070707,0.9018716075299908,0.8106144641445748,0.4399296805461707,0.301335572238962,1.3044871794871795,0.0448585666717732,1.0,0.5863360323886639,0.413663967611336,0.0068651961674848,0.4085020242914979,0.1257309473642119,0.7085921919321111,0.6720314479143223,0.6325240358779849,0.4450932420716286,0.9854166666666666,0.0591131662755226,0.275
23,hierarchy,418,204,189,15,0.756,0.244,0.0735294117647058,0.9074501197087016,0.8071222412687629,0.627051361702261,0.4292901990182788,1.3397435897435896,0.0461503507706078,0.0,0.6193,0.3807,0.0043165449498429,0.3774,0.1060572791376935,0.7166816684505981,0.67167182755253,0.6778810025248361,0.4650841993270904,0.9993589743589744,0.0713992049973338,0.0
23,delegated,417,196,177,19,0.708,0.292,0.096938775510204,0.8955741706540812,0.8066151280674709,0.4377530617108026,0.2829524481119181,1.3365384615384617,0.0723306166258994,1.0,0.5978,0.4022,0.0344010605914648,0.3771,0.2033244745827594,0.7130495779103081,0.6717552770116899,0.4860499338930317,0.3290189492458514,1.017147435897436,0.0713325001122774,1.0
23,adaptive,390,192,176,16,0.704,0.296,0.0833333333333333,0.887365537990767,0.8034340984442607,0.4790440605773796,0.3324408477157055,1.2499999999999998,0.0584960449373033,0.8333333333333334,0.5776,0.4224,0.0213571954958725,0.4067999999999999,0.1190547495030072,0.7002585868446666,0.664468087365137,0.6351290843808767,0.4421085461418704,0.969951923076923,0.0739445029716494,0.2708333333333333
24,hierarchy,404,203,185,18,0.7613168724279835,0.2386831275720164,0.0886699507389162,0.9054407953846554,0.8188936542717291,0.6316304637200042,0.4301269896347239,1.2948717948717947,0.0613198770810899,0.0,0.6112139917695474,0.3887860082304527,0.0,0.3887860082304527,0.116413628708709,0.7093417722494058,0.6830808690855228,0.6791245248299999,0.4745581895162749,0.993028846153846,0.0852331553224717,0.0
24,delegated,415,194,167,27,0.6872427983539094,0.3127572016460905,0.1391752577319587,0.9045727619474184,0.8185709960903942,0.4396886542863605,0.2806596799493394,1.3301282051282053,0.0551258992838832,1.0,0.6187242798353909,0.381275720164609,0.021193110934824,0.365843621399177,0.2074719156426739,0.7186561907256528,0.6860296751525017,0.483517328334768,0.3360935786478727,1.0346153846153847,0.0652585380136144,1.0
24,adaptive,391,190,171,19,0.7037037037037037,0.2962962962962963,0.1,0.9015889148593516,0.8173718833490041,0.4783348340706259,0.32730471106497,1.253205128205128,0.0621984162935691,1.0,0.6082304526748972,0.3917695473251029,0.0106291824956319,0.3838477366255144,0.121027456427551,0.7102411622811323,0.680786097124183,0.6308523871676702,0.4494893712176647,0.9988782051282052,0.085059184747187,0.275
25,hierarchy,404,199,184,15,0.7244094488188977,0.2755905511811023,0.0753768844221105,0.9050049265181176,0.8204134124013193,0.6326034321193041,0.4358885634937838,1.2948717948717947,0.0409635577073026,0.0,0.591240157480315,0.408759842519685,0.0055249079229397,0.4046259842519685,0.1116690363439713,0.7094647841257509,0.681572489159551,0.6807810114820467,0.4764061156301097,0.9864583333333334,0.0715220333446782,0.0
25,delegated,379,198,171,27,0.6732283464566929,0.326771653543307,0.1363636363636363,0.9012011199680046,0.8230523446517019,0.4510085507618497,0.2925980591041044,1.2147435897435896,0.0563865816402344,1.0,0.6050196850393701,0.3949803149606299,0.0441701646335438,0.3626968503937008,0.19832481047976,0.7234170826034063,0.6910927884807206,0.4827629339878156,0.3404460131774098,1.041746794871795,0.0718659116860371,1.0
25,adaptive,394,192,168,24,0.6614173228346457,0.3385826771653543,0.125,0.8977267730763885,0.8205817093979811,0.4782629226524044,0.3335994042340477,1.262820512820513,0.0750953682420225,1.0,0.5928149606299213,0.4071850393700787,0.028047762961421,0.3867125984251968,0.1137231971867432,0.7168096325678699,0.686303095148965,0.6217696498081177,0.44498125378636,1.0102564102564102,0.0728349214186001,0.3166666666666666
26,hierarchy,386,198,180,18,0.728744939271255,0.2712550607287449,0.0909090909090909,0.9189528774505424,0.8177782658163019,0.6368125060644372,0.4302476220695252,1.237179487179487,0.0350582786251773,0.0,0.6078947368421053,0.3921052631578947,0.0,0.3921052631578947,0.1158826560330529,0.7182137854143925,0.6791543656591184,0.6773101546534159,0.4694871483423128,1.003525641025641,0.0686666796655542,0.0
26,delegated,405,195,175,20,0.708502024291498,0.291497975708502,0.1025641025641025,0.9205530770730092,0.8209931345501067,0.4408942462992769,0.2773313406362836,1.2980769230769231,0.046589554645851,1.0,0.6154858299595142,0.3845141700404858,0.0190666779412726,0.3704453441295546,0.198559172074419,0.7312726718192557,0.6863542515657046,0.4815965115601811,0.3289315274400754,1.0444711538461535,0.0545720653899022,1.0
26,adaptive,404,200,184,16,0.7449392712550608,0.2550607287449392,0.08,0.9131446784693082,0.8188505189063129,0.440319497721815,0.3008615771408956,1.294871794871795,0.031740196429569,0.8333333333333334,0.6018218623481781,0.3981781376518218,0.0080427610938451,0.392004048582996,0.1223654196462782,0.7174117919402961,0.6812459334803959,0.6266885406943294,0.4442970939806575,0.9959134615384616,0.0660795099912704,0.2916666666666666
27,hierarchy,405,207,190,17,0.7630522088353414,0.2369477911646585,0.0821256038647343,0.9079825015819584,0.8128060759756156,0.6318543408669456,0.4356468041020697,1.2980769230769231,0.0713440134744875,0.0,0.6057228915662651,0.394277108433735,0.0,0.3942771084337349,0.1146257204840323,0.7136898095005642,0.6729941840387539,0.6790654135943782,0.4697543202402905,0.996875,0.0725306701381526,0.0
27,delegated,404,199,183,16,0.7349397590361446,0.2650602409638554,0.0804020100502512,0.9189998906671522,0.8178003388232903,0.4412224489738441,0.2926305449670173,1.294871794871795,0.0518961594277721,1.0,0.6286144578313253,0.3713855421686747,0.0217862326426975,0.3555220883534136,0.1881020082438063,0.7368690679983537,0.6842210091801113,0.4814677138761347,0.3348806395700011,1.0446314102564105,0.0703773402608135,1.0
27,adaptive,414,199,184,15,0.7389558232931727,0.2610441767068273,0.0753768844221105,0.9101156862292376,0.8147651313901506,0.4696281890847278,0.3287653719662612,1.3269230769230769,0.0579898228421518,0.8333333333333334,0.6086345381526105,0.3913654618473896,0.0126641580188298,0.3818273092369478,0.1174338087691303,0.72375281575402,0.676640253261898,0.6213675271047279,0.4401350967100724,1.008974358974359,0.064771810069971,0.3125
28,hierarchy,391,184,166,18,0.7124463519313304,0.2875536480686695,0.0978260869565217,0.883243006277111,0.7907414013937163,0.6378985625437824,0.433941110522178,1.2532051282051284,0.047500072404096,0.0,0.5873390557939915,0.4126609442060086,0.0,0.4126609442060086,0.1223602358413719,0.6989812076159974,0.6577076804267241,0.6833158638857533,0.4636693161510722,0.9631410256410255,0.0756880766234568,0.0
28,delegated,393,192,166,26,0.7124463519313304,0.2875536480686695,0.1354166666666666,0.8946366605283045,0.7960867284955735,0.4455151487361903,0.2788141458081904,1.2596153846153846,0.037386789105104,1.0,0.6126609442060086,0.3873390557939914,0.0233498876571066,0.3706008583690987,0.2215656589358185,0.7180475688034809,0.6684290526002766,0.4848551689995773,0.3201012102650666,1.0195512820512822,0.0569943961470092,1.0
28,adaptive,392,185,172,13,0.7381974248927039,0.2618025751072961,0.0702702702702702,0.8810058365968757,0.7910690059325143,0.5101533673652522,0.3549594657253683,1.2564102564102564,0.0439561911636992,0.8333333333333334,0.5866952789699571,0.4133047210300429,0.0070928868301628,0.4080472103004292,0.1246098483019791,0.6980977742452812,0.6583745938422151,0.6507615042544661,0.4467217855777196,0.9708333333333334,0.0715423526551447,0.1875
29,hierarchy,394,194,176,18,0.7364016736401674,0.2635983263598326,0.0927835051546391,0.9016540633568106,0.8114139092689101,0.6352858909232224,0.4311626771754032,1.262820512820513,0.0535910297273635,0.0,0.6006276150627615,0.3993723849372385,0.0044013567633503,0.3961297071129707,0.1151621091767009,0.7071892484296807,0.6784067291862155,0.6796033360850593,0.4685360600367613,0.9899839743589745,0.068876064370327,0.0
29,delegated,394,194,170,24,0.7112970711297071,0.2887029288702929,0.1237113402061855,0.8964977990197834,0.8106662001540944,0.4449992068191906,0.2771492634266162,1.262820512820513,0.0667342084821025,1.0,0.6098326359832635,0.3901673640167364,0.036338602654785,0.3638075313807531,0.2129405439136634,0.7165826347471458,0.682553183462486,0.4837236798148655,0.3261336918450056,1.0311698717948716,0.0730811319518374,1.0
29,adaptive,382,196,172,24,0.7196652719665272,0.2803347280334728,0.1224489795918367,0.8904638801604802,0.8086281552591356,0.512784249296706,0.3507792128842186,1.2243589743589745,0.0872453010234908,0.8333333333333334,0.5961297071129708,0.4038702928870292,0.0188655827226151,0.3900627615062761,0.1210029911447723,0.7082844050873789,0.6774711262801434,0.6397636516737886,0.4476130976901045,0.9904647435897436,0.0849631228417144,0.2291666666666666
30,hierarchy,429,204,187,17,0.7824267782426778,0.2175732217573222,0.0833333333333333,0.9232676530421194,0.8167353971602339,0.6222750372502633,0.4217585927954985,1.375,0.0693983257173095,0.0,0.6280334728033472,0.3719665271966527,0.0001322751322751,0.3718619246861924,0.1138352317479228,0.7264536614240638,0.6803363185870392,0.6741834808185886,0.4618110223508209,1.0228365384615383,0.0714208111948191,0.0
30,delegated,398,193,172,21,0.7196652719665272,0.2803347280334728,0.1088082901554404,0.9176717433114868,0.8172399788709709,0.4430565914569151,0.2735480937349562,1.2756410256410255,0.0475863812751185,1.0,0.6253138075313808,0.3746861924686192,0.0236323678107314,0.3571129707112971,0.20245018799696,0.729674880028037,0.6832103471768373,0.481046910917677,0.3207036380082606,1.044871794871795,0.0522341505663193,1.0
30,adaptive,419,197,173,24,0.7238493723849372,0.2761506276150628,0.1218274111675127,0.9126221374447284,0.8152645923570435,0.4356067088850268,0.2992409615025277,1.3429487179487178,0.0304503852916704,0.8333333333333334,0.6077405857740585,0.3922594142259414,0.0133933814599444,0.3821129707112971,0.1249712733043909,0.7214608718069768,0.6787140665934116,0.624959738620109,0.4355703330509356,1.0064903846153848,0.0696965142242719,0.2916666666666666
